true,42,7,123,2024,999
尚可,尚可,尚可,尚可,尚可,尚可
精熟,精熟,精熟,精熟,精熟,精熟
尚可,尚可,尚可,尚可,尚可,尚可
尚可,尚可,尚可,尚可,尚可,尚可
待加強,待加強,待加強,待加強,待加強,待加強
尚可,尚可,尚可,尚可,尚可,尚可
尚可,尚可,尚可,尚可,尚可,尚可
尚可,尚可,尚可,尚可,尚可,尚可
待加強,尚可,待加強,尚可,尚可,待加強
精熟,精熟,精熟,精熟,精熟,精熟
精熟,精熟,精熟,精熟,精熟,精熟
尚可,尚可,尚可,尚可,尚可,尚可
尚可,尚可,尚可,尚可,尚可,尚可
尚可,尚可,尚可,尚可,尚可,尚可
尚可,尚可,尚可,尚可,尚可,尚可
待加強,待加強,待加強,待加強,待加強,待加強
尚可,尚可,尚可,尚可,尚可,尚可
尚可,尚可,尚可,尚可,尚可,尚可
精熟,精熟,精熟,精熟,精熟,精熟
尚可,尚可,尚可,尚可,尚可,尚可
尚可,尚可,尚可,尚可,尚可,尚可
精熟,精熟,精熟,精熟,精熟,精熟
尚可,尚可,尚可,尚可,尚可,尚可
尚可,尚可,尚可,尚可,尚可,尚可
尚可,尚可,尚可,尚可,尚可,尚可
尚可,尚可,尚可,尚可,尚可,尚可
尚可,尚可,尚可,尚可,尚可,尚可
尚可,尚可,尚可,尚可,尚可,尚可
尚可,尚可,尚可,尚可,尚可,尚可
尚可,尚可,尚可,尚可,尚可,尚可
尚可,尚可,尚可,尚可,尚可,尚可
尚可,尚可,尚可,尚可,尚可,尚可
尚可,尚可,尚可,尚可,尚可,尚可
待加強,待加強,待加強,待加強,待加強,待加強
尚可,尚可,尚可,尚可,尚可,尚可
精熟,精熟,精熟,精熟,精熟,精熟
尚可,尚可,尚可,尚可,尚可,尚可
尚可,尚可,尚可,尚可,尚可,尚可
尚可,尚可,尚可,尚可,尚可,尚可
精熟,精熟,精熟,精熟,精熟,精熟
精熟,精熟,精熟,精熟,精熟,精熟
待加強,待加強,待加強,待加強,待加強,待加強
尚可,尚可,尚可,尚可,尚可,尚可
尚可,尚可,尚可,尚可,尚可,尚可
尚可,尚可,尚可,尚可,尚可,尚可
尚可,尚可,尚可,尚可,尚可,尚可
尚可,尚可,尚可,尚可,尚可,尚可
尚可,尚可,尚可,尚可,尚可,尚可
待加強,待加強,待加強,待加強,待加強,待加強
尚可,尚可,尚可,尚可,尚可,尚可
精熟,精熟,精熟,精熟,精熟,精熟
尚可,尚可,尚可,尚可,尚可,尚可
尚可,尚可,尚可,尚可,尚可,尚可
尚可,尚可,尚可,尚可,尚可,尚可
尚可,尚可,尚可,尚可,尚可,尚可
尚可,尚可,尚可,尚可,尚可,尚可
尚可,尚可,尚可,尚可,尚可,尚可
精熟,精熟,精熟,精熟,精熟,精熟
尚可,尚可,尚可,尚可,尚可,尚可
精熟,精熟,精熟,精熟,精熟,精熟
尚可,尚可,尚可,尚可,尚可,尚可
精熟,精熟,精熟,精熟,精熟,精熟
精熟,精熟,精熟,精熟,精熟,精熟
精熟,精熟,精熟,精熟,精熟,精熟
尚可,尚可,尚可,尚可,尚可,尚可
尚可,尚可,尚可,尚可,尚可,尚可
待加強,待加強,待加強,待加強,待加強,待加強
尚可,尚可,尚可,尚可,尚可,尚可
尚可,尚可,尚可,尚可,尚可,尚可
尚可,尚可,尚可,尚可,尚可,尚可
尚可,尚可,尚可,尚可,尚可,尚可
尚可,尚可,尚可,尚可,尚可,尚可
